ROW,ID,TEXT,CODE,PKEY,SORT,PLT
1,CQ1,GOV Domain Registration Systems,GOV_DOMAINYSTEM,5000,1,400
2,CQ1,Access to Data systems,ACCESS_DATA_SYS,5001,2,400
3,CQ1,Agency support tool ,AGENC_SUPPORT_T,5002,3,400
4,CQ1,Business Intelligence Services,BUSI_INTELLIG_S,5003,4,400
5,CQ1,Collaboration Tools (SharePoint),COLLABOR_TPOINT,5004,5,400
6,CQ1,"Collect, analyze, maintain and share data",COLLECT_AN_DATA,5005,6,400
7,CQ1,Consulate Database (VISA),CONSUL_DATABAS_,5006,7,400
8,CQ1,Cybersecurity Monitoring,CYBERSECUR_MONI,5007,8,400
9,CQ1,Cybersecurity tools/solutions,CYBERSECURSOLUT,5008,9,400
10,CQ1,Data Repository,DATA_REPOSITORI,5009,10,400
11,CQ1,Decision making tool,DECIS_MAKE_TOOL,5010,11,400
12,CQ1,Diplomatic and Incident Response Communications,DIPLOMAT_IOMMUN,5011,12,400
13,CQ1,Email services and/or internet access,EMAIL_SERVCCESS,5012,13,400
14,CQ1,Emergency management System,EMERG_MANAG_SYS,5013,14,400
15,CQ1,Emergency response plans and personnel,EMERG_RESPONNEL,5014,15,400
16,CQ1,Enterprise resource planning,ENTERPRIS__PLAN,5015,16,400
17,CQ1,Explosive Threat Profiles,EXPLOS_THREAT_P,5016,17,400
18,CQ1,Financial [Agency Level],FINANCI_AGENC_L,5017,18,400
19,CQ1,Financial [National Level],FINANCI_NATION_,5018,19,400
20,CQ1,Financial System ,FINANCI_SYSTEM,5019,20,400
21,CQ1,Fingerprint Database,FINGERPRINT_DAT,5020,21,400
22,CQ1,General Support System (GSS) [WAN / Mainframe / Gateway],GENER_SUPPTEWAY,5021,22,400
23,CQ1,General System and Infrastructure Support,GENER_SYSTPPORT,5022,23,400
24,CQ1,Human Resource (HR),HUMAN_RESOURC_H,5023,24,400
25,CQ1,"Identity and Access Management (IDAM) / Identity, Credential, and Access Management (ICAM) / Authentication / Active Directory",IDENT_ACCECTORI,5024,25,400
26,CQ1,Immigration (most),IMMIGR_MOST,5025,26,400
27,CQ1,Imports-Exports Compliance [Port of Entry],IMPORTS_EXENTRY,5026,27,400
28,CQ1,Internet-Based / Web-Based (Front-Facing Applications),INTERNET_BTIONS,5027,28,400
29,CQ1,IT support services,IT_SUPPORT_SERV,5028,29,400
30,CQ1,Law enforcement services,LAW_ENFORC_SERV,5029,30,400
31,CQ1,Local Area Network (LAN),LOCAL_AREAK_LAN,5030,31,400
32,CQ1,Loss of Life Potential ,LOSS_LIFE_POTEN,5031,32,400
33,CQ1,Manage medical related data,MANAG_MEDI_DATA,5032,33,400
34,CQ1,Office of the Inspector General (OIG),OFFIC_INSPR_OIG,5033,34,400
35,CQ1,Other,OTHER,5034,35,400
36,CQ1,Payroll ,PAYROL,5035,36,400
37,CQ1,Physical Access Control Systems (PACS),PHYSIC_ACC_PACS,5036,37,400
38,CQ1,Procurement systems,PROCUR_SYSTEM,5037,38,400
39,CQ1,Radio communications,RADIO_COMMUN,5038,39,400
40,CQ1,Real-time data alerts and updates,REAL_TIM_DUPDAT,5039,40,400
41,CQ1,Real-time imagery,REAL_TIM_IMAGER,5040,41,400
42,CQ1,Security Clearance / Background Investigations ,SECUR_CLEATIONS,5041,42,400
43,CQ1,Security Operations Center (SOC),SECUR_OPERR_SOC,5042,43,400
44,CQ1,Supervisory Control and Data Acquisition (SCADA) – electrical systems,SUPERVISORYSTEM,5043,44,400
45,CQ1,Support to Vulnerability  Assessments,SUPPORT_VUSSESS,5044,45,400
46,CQ1,Tactical communications,TACTIC_COMMUN,5045,46,400
47,CQ1,Trusted Internet Connection (TIC),TRUST_INTET_TIC,5046,47,400
48,CQ1,Weather warning and analysis services,WEATHER_WAERVIC,5047,48,400
49,CQ1,Web based monitoring system,WEB_BASE_MYSTEM,5048,49,400
50,CQ1,Other ,OTHER,5049,50,400
51,CQ2,Cyber Security Support,CYBER_SECUR_SUP,5059,1,401
52,CQ2,Financial Information Support,FINANCI_INPPORT,5060,2,401
53,CQ2,Medical/health care Support,MEDICAL_HEPPORT,5061,3,401
54,CQ2,Data storage and management,DATA_STORAG_MAN,5062,4,401
55,CQ2,Legal Services,LEGAL_SERVIC,5063,5,401
56,CQ2,Law enforcement services,LAW_ENFORC_SERV,5064,6,401
57,CQ2,Veteran support services,VETERAN_SUERVIC,5065,7,401
58,CQ2,Immigration services,IMMIGR_SERVIC,5066,8,401
59,CQ2,Data Access and Sharing,DATA_ACCESS_SHA,5067,9,401
60,CQ2,NASA and space services,NASA_SPACE_SERV,5068,10,401
61,CQ2,Access control,ACCESS_CONTROL,5069,11,401
62,CQ2,Visitor management,VISITOR_MANAG,5070,12,401
63,CQ2,Video surveillance,VIDEO_SURVEIL,5071,13,401
64,CQ2,PII data control,PII_DATA_CONTRO,5072,14,401
65,CQ2,Communication,COMMUN,5073,15,401
66,CQ2,Emergency dispatch,EMERG_DISPATCH,5074,16,401
67,CQ2,IT Support service,IT_SUPPORT_SERV,5075,17,401
68,CQ2,Data center/warehouse,DATA_CENTER_WAR,5076,18,401
69,CQ2,Emergency Alerts,EMERG_ALERT,5077,19,401
70,CQ2,Real Time data access,REAL_TIME_CCESS,5078,20,401
71,CQ2,Physical Security,PHYSIC_SECUR,5079,21,401
72,CQ2,Weather Display and alerts,WEATHER_DIALERT,5080,22,401
73,CQ2,Payroll related Services,PAYROL_RELAT_SE,5081,23,401
74,CQ2,Web Based Monitoring,WEB_BASE_MONITO,5082,24,401
75,CQ2,Provides infrastructure services,PROVID_INFERVIC,5083,25,401
76,CQ2,Other [Free Text],OTHER_FREE_TEXT,5084,26,401
77,CQ3,Federal Agencies employees,FEDER_AGENC_EMP,5094,1,402
78,CQ3,Emergency responders/emergency managers,EMERG_RESPMANAG,5095,2,402
79,CQ3,"Local, State and Government personnel",LOCAL_STATONNEL,5096,3,402
80,CQ3,Federal Employees and designated contractors,FEDER_EMPLACTOR,5097,4,402
81,CQ3,Members of the general public,MEMBER_GENER_PU,5098,5,402
82,CQ3,"NASA (Missions, Services and/or employees)",NASA_MISSIOYEES,5099,6,402
83,CQ3,"Federal, Local, State Law Enforcement",FEDERAL_LONFORC,5100,7,402
84,CQ3,Internal USDA Agencies,INTERN_USDA_AGE,5101,8,402
85,CQ3,"VA Personnel, VA Contractors, Veterans, Veterans' family members",VA_PERSONNEMBER,5102,9,402
86,CQ3,NOAA employees and contractors,NOAA_EMPLOACTOR,5103,10,402
87,CQ3,Aviation workers,AVIAT_WORKER,5104,11,402
88,CQ3,Federal Credit Unions and other Federal finical personnel,FEDER_CREDONNEL,5105,12,402
89,CQ3,Internal and External Stakeholders,INTERN_EXTEHOLD,5106,13,402
90,CQ3,Potential federal employees,POTENTI_FEPLOYE,5107,14,402
91,CQ3,Public officials,PUBLIC_OFFICI,5108,15,402
92,CQ3,Border Patrol,BORDER_PATROL,5109,16,402
93,CQ3,Economic Analysts,ECONOM_ANALYST,5110,17,402
94,CQ3,Infrastructure Support Personnel,INFRASTRUCONNEL,5111,18,402
95,CQ3,SLTT Organizations,SLTT_ORGAN,5112,19,402
96,CQ3,"Federal, State, Local, Tribal, and Territorial communities",FEDERAL_STOMMUN,5113,20,402
97,CQ3,Medical and Healthcare Personnel,MEDIC_HEALONNEL,5114,21,402
98,CQ3,Visa applicants,VISA_APPLIC,5115,22,402
99,CQ3,Military and Defense Personnel,MILITARI_DONNEL,5116,23,402
100,CQ3,other Government systems,GOVERN_SYSTEM,5117,24,402
101,CQ3,other public systems,PUBLIC_SYSTEM,5118,25,402
102,CQ3,Internal agency users,INTERN_AGENC_US,5119,26,402
103,CQ3,External agency users,EXTERN_AGENC_US,5120,27,402
104,CQ3,Other [Free Text],OTHER_FREE_TEXT,5121,28,402
105,CQ3,None,NONE,5122,29,402
106,CQ3,< 5 years,N_5_YEAR,5123,30,402
107,CQ3,> 6 – 10 years,N_6_10_YEAR,5124,31,402
108,CQ3, > 10 – 15 years,N_10_15_YEAR,5125,32,402
109,CQ3, > 15 – 20 years,N_15_20_YEAR,5126,33,402
110,CQ3, > 20 – 30 years,N_20_30_YEAR,5127,34,402
111,CQ3, > 30 – 40 years,N_30_40_YEAR,5128,35,402
112,CQ3,> 40 years,N_40_YEAR,5129,36,402
113,CQ4, Yes,N_1_YE,5139,1,403
114,CQ4, No,N_2_NO,5140,2,403
115,CQ4, Unknown,N_3_UNKNOWN,5141,3,403
116,CQ4a,"Legacy codebase (COBOL, MUMPS)",LEGACI_CODMUMPS,5151,1,404
117,CQ4a,Lack of or poor documentation,LACK_POOR_DOCUM,5152,2,404
118,CQ4a,Legacy infrastructure,LEGACI_INFRASTR,5153,3,404
119,CQ4a,Ad-hoc infrastructure ,AD_HOC_INFRASTR,5154,4,404
120,CQ4a,Hardware or software with no vendor/manufacturer support,HARDWAR_SOPPORT,5155,5,404
121,CQ4a,Outdated or inaccurate inventory,OUTDAT_INANTORI,5156,6,404
122,CQ4a,Limited Functionality,LIMIT_FUNCTION,5157,7,404
123,CQ4a,Other [Free Text],OTHER_FREE_TEXT,5158,8,404
124,CQ4b, Yes,N_1_YE,5168,1,405
125,CQ4b, No,N_2_NO,5169,2,405
126,CQ4b, Unknown,N_3_UNKNOWN,5170,3,405
127,CQ4c, Yes,N_1_YE,5180,1,406
128,CQ4c, No,N_2_NO,5181,2,406
129,CQ4c, Unknown,N_3_UNKNOWN,5182,3,406
130,CQ5, Yes,N_1_YE,5192,1,407
131,CQ5, No,N_2_NO,5193,2,407
132,CQ5, Unknown,N_3_UNKNOWN,5194,3,407
133,CQ5a,DATE (MM/YYYY),DATE_MM_YYYY,5204,1,408
134,CQ6, Yes,N_1_YE,5214,1,409
135,CQ6, No,N_2_NO,5215,2,409
136,CQ6, Unknown,N_3_UNKNOWN,5216,3,409
137,CQ6a, Free text,N_1_FREE_TEXT,5226,1,410
138,CQ6b, Yes,N_1_YE,5236,1,411
139,CQ6b, No,N_2_NO,5237,2,411
140,CQ6b, Unknown,N_3_UNKNOWN,5238,3,411
141,CQ6c, Yes,N_1_YE,5248,1,412
142,CQ6c, No,N_2_NO,5249,2,412
143,CQ6c, Unknown,N_3_UNKNOWN,5250,3,412
144,CQ7, Cloud,N_1_CLOUD,5260,1,413
145,CQ7, Mainframe,N_2_MAINFRAM,5261,2,413
146,CQ7, GSS,N_3_GSS,5262,3,413
147,CQ7, Web Application,N_4_WEB_APPLIC,5263,4,413
148,CQ7, Application Platform,N_5_APPLIC_PLAT,5264,5,413
149,CQ7, ICS/SCADA,N_6_ICS_SCADA,5265,6,413
150,CQ7, Client/Server,N_7_CLIENT_SERV,5266,7,413
151,CQ7, Other [Free Text],N_8_OTHER_FREE_,5267,8,413
152,CQ7a, Paas,N_1_PAA,5277,1,414
153,CQ7a, SaaS,N_2_SAA,5278,2,414
154,CQ7a, IaaS,N_3_IAA,5279,3,414
155,CQ7a, Hybrid,N_4_HYBRID,5280,4,414
156,CQ7a, Other [Free Text],N_5_OTHER_FREE_,5281,5,414
157,CQ5, Yes,N_1_YE,5291,1,415
158,CQ5, No,N_2_NO,5292,2,415
159,CQ5, Unknown,N_3_UNKNOWN,5293,3,415
160,CQ5a, Free Text,N_1_FREE_TEXT,5303,1,416
161,CQ6, GSS,N_1_GSS,5313,1,417
162,CQ6, Web Application,N_2_WEB_APPLIC,5314,2,417
163,CQ6, Both,N_3_BOTH,5315,3,417
164,CQ6, Unknown,N_4_UNKNOWN,5316,4,417
165,CQ6, Neither,N_5_NEITHER,5317,5,417
166,CQ6a, Web Browser: Free Text,N_1_WEB_BR_TEXT,5327,1,418
167,CQ6a, Web Application Server: Free Text,N_2_WEB_AP_TEXT,5328,2,418
168,CQ6a, Database: Free Text,N_3_DATABA_TEXT,5329,3,418
169,CQ6a, Unknown,N_4_UNKNOWN,5330,4,418
170,CQ6b,HTML,HTML,5340,1,419
171,CQ6b,CSS,CSS,5341,2,419
172,CQ6b,JS,JS,5342,3,419
173,CQ6b,PHP,PHP,5343,4,419
174,CQ6b,Java,JAVA,5344,5,419
175,CQ6b,Ruby on Rails,RUBI_RAIL,5345,6,419
176,CQ6b,Smyfony Angular JS React.js,SMYFONI_ANACT_J,5346,7,419
177,CQ6b,Cake PHP,CAKE_PHP,5347,8,419
178,CQ6b,Asp.net,ASP_NET,5348,9,419
179,CQ6b,Node.js,NODE_J,5349,10,419
180,CQ6b,Meteor,METEOR,5350,11,419
181,CQ6b,Laravel,LARAVEL,5351,12,419
182,CQ6b,Ember,EMBER,5352,13,419
183,CQ6b,Django,DJANGO,5353,14,419
184,CQ6b,Express,EXPRESS,5354,15,419
185,CQ6b,Spring,SPRING,5355,16,419
186,CQ6b,Flask,FLASK,5356,17,419
187,CQ6b,Drupal,DRUPAL,5357,18,419
188,CQ6b,WordPress,WORDPRESS,5358,19,419
189,CQ6b,Bootstrap,BOOTSTRAP,5359,20,419
190,CQ6b,web2py,WEB2PI,5360,21,419
191,CQ6b,TurboGears,TURBOGEAR,5361,22,419
192,CQ6b,Sinatra,SINATRA,5362,23,419
193,CQ6b,Zend Framework,ZEND_FRAMEWORK,5363,24,419
194,CQ6b,Not Listed/Other,NOT_LISTED_OTH,5364,25,419
195,CQ6c,"Microsoft Windows, ",MICROSOFT_WINDO,5374,1,420
196,CQ6c,"Apple MacOS, ",APPL_MACOS,5375,2,420
197,CQ6c,"iOS, ",IOS,5376,3,420
198,CQ6c,"Ubuntu, ",UBUNTU,5377,4,420
199,CQ6c,"CentOS, ",CENTOS,5378,5,420
200,CQ6c,"Unix, ",UNIX,5379,6,420
201,CQ6c,"Android, ",ANDROID,5380,7,420
202,CQ6c,"Windows 10(and EOS Win10), ",WINDOW_10_WIN10,5381,8,420
203,CQ6c,"MS-DOS, Windows Vista, Linux Kernel, ",MS_DOS_WINERNEL,5382,9,420
204,CQ6c,"HyperVisor (such as VMware), etc.",HYPERVISORE_ETC,5383,10,420
205,CQ6c,Other (Free Text),OTHER_FREE_TEXT,5384,11,420
206,CQ7, Yes,N_1_YE,5394,1,421
207,CQ7, No,N_2_NO,5395,2,421
208,CQ7, Unknown,N_3_UNKNOWN,5396,3,421
209,CQ7a, Yes,N_1_YE,5406,1,422
210,CQ7a, No,N_2_NO,5407,2,422
211,CQ7a, Unknown,N_3_UNKNOWN,5408,3,422
212,CQ7b, Yes,N_1_YE,5418,1,423
213,CQ7b, No,N_2_NO,5419,2,423
214,CQ7b, Unknown,N_3_UNKNOWN,5420,3,423
215,CQ7c, Upstream,N_1_UPSTREAM,5430,1,424
216,CQ7c, Downstream,N_2_DOWNSTREAM,5431,2,424
217,CQ7c, Both,N_3_BOTH,5432,3,424
218,CQ8, Free text,N_1_FREE_TEXT,5442,1,425
219,CQ9, Free text,N_1_FREE_TEXT,5452,1,426
220,CQ10, Government Owned – Government Operated (GoGo),N_1_GOVERN_GOGO,5462,1,427
221,CQ10, Government Owned – Contractor Operated (GoCo),N_2_GOVERN_GOCO,5463,2,427
222,CQ10," Contractor Owned – Contractor Operated, (CoCo)",N_3_CONTRA_COCO,5464,3,427
223,CQ10, Federally Funded Research and Development Center (FFRDC),N_4_FEDER_FFRDC,5465,4,427
224,CQ10, Other (Free Text),N_5_OTHER_FREE_,5466,5,427
225,CQ11, Free text,N_1_FREE_TEXT,5476,1,428
226,CQ12, Free text,N_1_FREE_TEXT,5486,1,429
227,CQ13, Yes,N_1_YE,5496,1,430
228,CQ13, No,N_2_NO,5497,2,430
229,CQ13, Unknown,N_3_UNKNOWN,5498,3,430
230,CQ14, Free text,N_1_FREE_TEXT,5508,1,431
231,CQ15, Federal Employees,N_1_FEDER_EMPLO,5518,1,432
232,CQ15, Federal employees and direct support contractors,N_2_FEDER_ACTOR,5519,2,432
233,CQ15, Contractors,N_3_CONTRACTOR,5520,3,432
234,CQ16," Encryption of data at rest
2. Encryption of data in transit
3. Least privilege principles
4. Application Allowlisting (whitelisting)
5. Other (Free Text)
6. Unknown",N_1_ENCRYPKNOWN,5530,1,433
235,CQ17, Security Operations Center (SOC) as a Service such as Asset Management,N_1_SECUR_MANAG,5540,1,434
236,CQ17, Awareness and Training,N_2_AWAR_TRAIN,5541,2,434
237,CQ17, Detection Processes,N_3_DETECT_PROC,5542,3,434
238,CQ17, Governance: Information Protection Processes and Procedures;,N_4_GOVERNDURES,5543,4,434
239,CQ17, Protective Technology,N_5_PROTECNOLOG,5544,5,434
240,CQ17, Risk Assessment,N_6_RISK_ASSESS,5545,6,434
241,CQ17, Security Continuous Monitoring,N_7_SECUR_NITOR,5546,7,434
242,CQ17, Supply Chain Risk Management,N_8_SUPPLIMANAG,5547,8,434
243,CQ18, Continuous Diagnostics and Mitigation (CDM),N_1_CONTING_CDM,5557,1,435
244,CQ18, Protective DNS (pDNS),N_2_PROTECT_DN_,5558,2,435
245,CQ18, Vulnerability Disclosure Program (VDP),N_3_VULNERM_VDP,5559,3,435
246,CQ18, Other (Free Text),N_4_OTHER_FREE_,5560,4,435
247,CQ18, Unknown,N_5_UNKNOWN,5561,5,435
248,CQ18, No,N_6_NO,5562,6,435
249,CQ19, Yes,N_1_YE,5572,1,436
250,CQ19, No,N_2_NO,5573,2,436
251,CQ19, Unknown,N_3_UNKNOWN,5574,3,436
252,CQ20, Yes,N_1_YE,5584,1,437
253,CQ20, No,N_2_NO,5585,2,437
254,CQ20, Unknown,N_3_UNKNOWN,5586,3,437
255,CQ21, Yes,N_1_YE,5596,1,438
256,CQ21, No,N_2_NO,5597,2,438
257,CQ21, Unknown,N_3_UNKNOWN,5598,3,438
258,CQ22, Free Text,N_1_FREE_TEXT,5608,1,439
259,CQ23, Yes,N_1_YE,5618,1,440
260,CQ23, No,N_2_NO,5619,2,440
261,CQ23, Unknown,N_3_UNKNOWN,5620,3,440
262,CQ23A, Free Text,N_1_FREE_TEXT,5630,1,441
263,CQ23B, Resulted in unscheduled downtime/unavailability,N_1_RESULTAVAIL,5640,1,442
264,CQ23B, Required outside incident response support  in the last 12 months,N_2_REQUIRMONTH,5641,2,442
265,CQ23B1, Integer,N_1_INTEG,5651,1,443
266,CQ23B2, Integer,N_1_INTEG,5661,1,444
267,CQ24, Yes,N_1_YE,5671,1,445
268,CQ24, No,N_2_NO,5672,2,445
269,CQ24, Unknown,N_3_UNKNOWN,5673,3,445
270,CQ24A, Free Text,N_1_FREE_TEXT,5683,1,446
271,CQ24B,DOJ(1) - Advise and Represent the President,DOJ_1_ADVIRESID,5693,1,447
272,CQ24B,DOJ(2) - Protect Senior Officials and the Courts,DOJ_2_PROTCOURT,5694,2,447
273,CQ24B,DOJ(3) - Perform Critical Legal Reviews,DOJ_3_PERFEVIEW,5695,3,447
274,CQ24B,DOJ(4) - Fight Terrorism and Espionage,DOJ_4_FIGHIONAG,5696,4,447
275,CQ24B,DOJ(5) - Conduct Law Enforcement Activities,DOJ_5_CONDACTIV,5697,5,447
276,CQ24B,DOJ(6) - Operate Federal Prisons,DOJ_6_OPERRISON,5698,6,447
277,CQ24B,DHS(1) - Secure and Manage the Borders,DHS_1_SECUORDER,5699,7,447
278,CQ24B,DHS(2) - Secure Critical Infrastructure and Cyberspace,DHS_2_SECURSPAC,5700,8,447
279,CQ24B,DHS(3) - Protect National Leaders,DHS_3_PROTEADER,5701,9,447
280,CQ24B,DHS(4) - Provide Domestic Situational Awareness,DHS_4_PROV_AWAR,5702,10,447
281,CQ24B,DHS(5) - Enforce Homeland Security Laws and Regulations,DHS_5_ENFOREGUL,5703,11,447
282,CQ24B,DHS(6) - Coordinate Continuity and Incident Response,DHS_6_COORSPONS,5704,12,447
283,CQ24B,DHS(7) - Coordinate Disaster Recovery,DHS_7_COOROVERI,5705,13,447
284,CQ24B,GSA(1) - Lead Government Reconstitution,GSA_1_LEADTITUT,5706,14,447
285,CQ24B,DOD(1) - Advise on National Defense Policy,DOD_1_ADVIOLICI,5707,15,447
286,CQ24B,DOD(2) - Defend the Security of the United States,DOD_2_DEFESTATE,5708,16,447
287,CQ24B,"DOD(3) - Collect, Analyze, and Disseminate Intelligence",DOD_3_COLLELLIG,5709,17,447
288,CQ24B,DOD(4) - Promote National Security,DOD_4_PROMSECUR,5710,18,447
289,CQ24B,DOD(5) - Conduct Domestic Emergency Response,DOD_5_CONDSPONS,5711,19,447
290,CQ24B,DOS(1) - Formulate Foreign Affairs Policy,DOS_1_FORMOLICI,5712,20,447
291,CQ24B,DOS(2) - Maintain Foreign Diplomatic Relations,DOS_2_MAINRELAT,5713,21,447
292,CQ24B,DOS(3) - Maintain International Situational Awareness,DOS_3_MAIN_AWAR,5714,22,447
293,CQ24B,DOS(4) - Support U.S.Citizens Overseas,DOS_4_SUPPERSEA,5715,23,447
294,CQ24B,CIA(1) - Produce Timely Intelligence Reports,CIA_1_PRODEPORT,5716,24,447
295,CQ24B,CIA(2) - Collect Intelligence ,CIA_2_COLLELLIG,5717,25,447
296,CQ24B,CIA(3) - Conduct Covert Operations,CIA_3_COND_OPER,5718,26,447
297,CQ24B,DOI(1) - Provide Emergency Response on Federal Lands,DOI_1_PROV_LAND,5719,27,447
298,CQ24B,DOI(2) - Provide Law Enforcement on Federal Lands,DOI_2_PROV_LAND,5720,28,447
299,CQ24B,DOI(3) - Provide National Emergency Response,DOI_3_PROVSPONS,5721,29,447
300,CQ24B,DOI(4) - Maintain Relations with Insular Areas and Tribes,DOI_4_MAINTRIBE,5722,30,447
301,CQ24B,DOI(5) - Provide Water and Electric Power,DOI_5_PROVPOWER,5723,31,447
302,CQ24B,DOE(1) - Ensure Nuclear Materials Safety,DOE_1_ENSUAFETI,5724,32,447
303,CQ24B,DOE(2) - Respond to Nuclear Incidents,DOE_2_RESPINCID,5725,33,447
304,CQ24B,DOE(3) - Manage Energy Infrastructure,DOE_3_MANAUCTUR,5726,34,447
305,CQ24B,DOC(1) - Prevent Export Control Violations,DOC_1_PREVIOLAT,5727,35,447
306,CQ24B,DOC(2) - Provide Satellite Imagery,DOC_2_PROVAGERI,5728,36,447
307,CQ24B,DOC(3) - Provide Meteorological Forecasts,DOC_3_PROVECAST,5729,37,447
308,CQ24B,DOC(4) - Maintain Operational Federal Communications,DOC_4_MAINOMMUN,5730,38,447
309,CQ24B,TREAS(1) - Safeguard the Economy and the Financial System,TREAS_1_SAYSTEM,5731,39,447
310,CQ24B,TREAS(2) - Use Financial Measures to Counter National Security Threats,TREAS_2_USHREAT,5732,40,447
311,CQ24B,TREAS(3) - Manage Government Finances,TREAS_3_MAINANC,5733,41,447
312,CQ24B,TREAS(4) - Promote International Financial Stability,TREAS_4_PRTABIL,5734,42,447
313,CQ24B,USDA(1) - Ensure Food Safety,USDA_1_ENSAFETI,5735,43,447
314,CQ24B,USDA(2) - Provide Emergency Food Supplies,USDA_2_PROUPPLI,5736,44,447
315,CQ24B,USDA(3) - Fight Forest Fires,USDA_3_FIG_FIRE,5737,45,447
316,CQ24B,USDA(4) - Provide Safety and Security on Public Lands,USDA_4_PRO_LAND,5738,46,447
317,CQ24B,FRS(1) - Conduct Monetary Policy,FRS_1_CONDOLICI,5739,47,447
318,CQ24B,FRS(2) - Maintain Financial System Stability,FRS_2_MAINTABIL,5740,48,447
319,CQ24B,FRS(3) - Regulate Banking,FRS_3_REGUL_BAN,5741,49,447
320,CQ24B,FRS(4) - Provide Financial Services,FRS_4_PROVERVIC,5742,50,447
321,CQ24B,DOT(1) - Ensure Defense Transportation Infrastructure,DOT_1_ENSUUCTUR,5743,51,447
322,CQ24B,DOT(2) - Respond to Transportation Disruptions,DOT_2_RESPSRUPT,5744,52,447
323,CQ24B,DOT(3) - Operate the National Airspace System,DOT_3_OPERYSTEM,5745,53,447
324,CQ24B,HHS(1) - Monitor and Respond to Health Emergencies and Risks,HHS_1_MONI_RISK,5746,54,447
325,CQ24B,HHS(2) - Oversee Safety of Medical and Food Products,HHS_2_OVERODUCT,5747,55,447
326,CQ24B,HHS(3) - Provide Medical Care and Services,HHS_3_PROVERVIC,5748,56,447
327,CQ24B,NRC(1) - Maintain Awareness and Respond to U.S. Civilian Nuclear Events,NRC_1_MAINEVENT,5749,57,447
328,CQ24B,NRC(2) - Ensure Safe U.S. Civilian Nuclear Operations,NRC_2_ENSU_OPER,5750,58,447
329,CQ24B,FCC(1) - Maintain Operational Communications,FCC_1_MAINOMMUN,5751,59,447
330,CQ24B,EPA(1) - Respond to Environmental and Health Threats,EPA_1_RESPHREAT,5752,60,447
331,CQ24B,CFTC(1) - Monitor Commodity Futures Markets,CFTC_1_MONARKET,5753,61,447
332,CQ24B,SSA(1) - Provide Social Security Services,SSA_1_PROVERVIC,5754,62,447
333,CQ24B,SEC(1) - Regulate Securities Markets,SEC_1_REGUARKET,5755,63,447
334,CQ24B,OPM(1) - Provide Human Capital Services,OPM_1_PROVERVIC,5756,64,447
335,CQ24B,NASA(1) - Operate Satellites,NASA_1_OPER_SAT,5757,65,447
336,CQ24B,VA(1) - Provide Medical Care,VA_1_PROVI_CARE,5758,66,447
337,CQ24B,"ODNI(1) - Collect, Analyze, and Provide Intelligence",ODNI_1_COLELLIG,5759,67,447
338,CQ24B,NARA(1) - Publish the Federal Register,NARA_1_PUBEGIST,5760,68,447
339,CQ24B,USPS(1) - Deliver Postal Services,USPS_1_DELERVIC,5761,69,447
340,CQ24B,NCUA(1) - Maintain Solvent Credit Unions,NCUA_1_MAIUNION,5762,70,447
341,CQ25, Yes,N_1_YE,5772,1,448
342,CQ25, No,N_2_NO,5773,2,448
343,CQ25, Unknown,N_3_UNKNOWN,5774,3,448
344,CQ25A, Integer,N_1_INTEG,5784,1,449
345,CQ25B, Free Text,N_1_FREE_TEXT,5794,1,450
346,CQ26, HVA does not support a PMEF or MEF. ,N_1_HVA_SUF_MEF,5804,1,451
347,CQ26, No impact: Essential function is accomplished as intended.,N_2_NO_IMPENDED,5805,2,451
348,CQ26," Work around: Essential function is still fully accomplished but requires documented and trained-to work around procedures. ""Workaround” does not mean patched together actions or “hacks.”  Defined as approved, documented plans that staff already knows. ",N_3_WORK_AKNOWS,5806,3,451
349,CQ26, Degraded: Essential function is partially accomplished.  There may be delays in time. There may be omissions of information. There may be parts of functions that cannot be provided.,N_4_DEGRADVIDED,5807,4,451
350,CQ26, Failure: Essential function cannot be accomplished.  Highest impact to mission and function of Agency.,N_5_FAILURGENCY,5808,5,451
351,CQ26A, Safety,N_1_SAFETI,5818,1,452
352,CQ26A, Environmental,N_2_ENVIRONMENT,5819,2,452
353,CQ26A, Financial,N_3_FINANCI,5820,3,452
354,CQ26A, Public Trust,N_4_PUBLIC_TRUS,5821,4,452
355,CQ26A, Other [Free Text],N_5_OTHER_FREE_,5822,5,452
356,CQ27, Yes,N_1_YE,5832,1,453
357,CQ27, No,N_2_NO,5833,2,453
358,CQ27, Unknown,N_3_UNKNOWN,5834,3,453
359,CQ28, Yes,N_1_YE,5844,1,454
360,CQ28, No,N_2_NO,5845,2,454
361,CQ28, Unknown,N_3_UNKNOWN,5846,3,454
362,CQ29, PII,N_1_PII,5856,1,455
363,CQ29, PHI,N_2_PHI,5857,2,455
364,CQ29, Law Enforcement,N_3_LAW_ENFORC,5858,3,455
365,CQ29, Pre-Release,N_4_PRE_RELEAS,5859,4,455
366,CQ29, IP,N_5_IP,5860,5,455
367,CQ29, Other [Free Text],N_6_OTHER_FREE_,5861,6,455
368,CQ29A,<1K,N_1K,5871,1,456
369,CQ29A,1K - 100K,N_1K_100K,5872,2,456
370,CQ29A,100K -1M,N_100K_1M,5873,3,456
371,CQ29A,1M - 100M,N_1M_100M,5874,4,456
372,CQ29A,> 100M,N_100M,5875,5,456
373,CQ29A,Unknown,UNKNOWN,5876,6,456
374,CQ29A,,N_A,5877,7,456
375,CQ29B,<1K,N_1K,5887,1,457
376,CQ29B,1K - 100K,N_1K_100K,5888,2,457
377,CQ29B,100K -1M,N_100K_1M,5889,3,457
378,CQ29B,1M - 100M,N_1M_100M,5890,4,457
379,CQ29B,> 100M,N_100M,5891,5,457
380,CQ29B,Unknown,UNKNOWN,5892,6,457
381,CQ29B,,N_A,5893,7,457
382,CQ29C,<1K,N_1K,5903,1,458
383,CQ29C,1K - 100K,N_1K_100K,5904,2,458
384,CQ29C,100K -1M,N_100K_1M,5905,3,458
385,CQ29C,1M - 100M,N_1M_100M,5906,4,458
386,CQ29C,> 100M,N_100M,5907,5,458
387,CQ29C,Unknown,UNKNOWN,5908,6,458
388,CQ29C,,N_A,5909,7,458
389,CQ29D,<1K,N_1K,5919,1,459
390,CQ29D,1K - 100K,N_1K_100K,5920,2,459
391,CQ29D,100K -1M,N_100K_1M,5921,3,459
392,CQ29D,1M - 100M,N_1M_100M,5922,4,459
393,CQ29D,> 100M,N_100M,5923,5,459
394,CQ29D,Unknown,UNKNOWN,5924,6,459
395,CQ29D,,N_A,5925,7,459
396,CQ29E,<1K,N_1K,5935,1,460
397,CQ29E,1K - 100K,N_1K_100K,5936,2,460
398,CQ29E,100K -1M,N_100K_1M,5937,3,460
399,CQ29E,1M - 100M,N_1M_100M,5938,4,460
400,CQ29E,> 100M,N_100M,5939,5,460
401,CQ29E,Unknown,UNKNOWN,5940,6,460
402,CQ29E,,N_A,5941,7,460
403,CQ29F,<1K,N_1K,5951,1,461
404,CQ29F,1K - 100K,N_1K_100K,5952,2,461
405,CQ29F,100K -1M,N_100K_1M,5953,3,461
406,CQ29F,1M - 100M,N_1M_100M,5954,4,461
407,CQ29F,> 100M,N_100M,5955,5,461
408,CQ29F,Unknown,UNKNOWN,5956,6,461
409,CQ29F,,N_A,5957,7,461
410,CQ29G,<1K,N_1K,5967,1,462
411,CQ29G,1K - 100K,N_1K_100K,5968,2,462
412,CQ29G,100K -1M,N_100K_1M,5969,3,462
413,CQ29G,1M - 100M,N_1M_100M,5970,4,462
414,CQ29G,> 100M,N_100M,5971,5,462
415,CQ29G,Unknown,UNKNOWN,5972,6,462
416,CQ29G,,N_A,5973,7,462
417,CQ29H,<1K,N_1K,5983,1,463
418,CQ29H,1K - 100K,N_1K_100K,5984,2,463
419,CQ29H,100K -1M,N_100K_1M,5985,3,463
420,CQ29H,1M - 100M,N_1M_100M,5986,4,463
421,CQ29H,> 100M,N_100M,5987,5,463
422,CQ29H,Unknown,UNKNOWN,5988,6,463
423,CQ29H,,N_A,5989,7,463
424,CQ29I,<1K,N_1K,5999,1,464
425,CQ29I,1K - 100K,N_1K_100K,6000,2,464
426,CQ29I,100K -1M,N_100K_1M,6001,3,464
427,CQ29I,1M - 100M,N_1M_100M,6002,4,464
428,CQ29I,> 100M,N_100M,6003,5,464
429,CQ29I,Unknown,UNKNOWN,6004,6,464
430,CQ29I,,N_A,6005,7,464
431,CQ29J,<1K,N_1K,6015,1,465
432,CQ29J,1K - 100K,N_1K_100K,6016,2,465
433,CQ29J,100K -1M,N_100K_1M,6017,3,465
434,CQ29J,1M - 100M,N_1M_100M,6018,4,465
435,CQ29J,> 100M,N_100M,6019,5,465
436,CQ29J,Unknown,UNKNOWN,6020,6,465
437,CQ29J,,N_A,6021,7,465
438,CQ29K,<1K,N_1K,6031,1,466
439,CQ29K,1K - 100K,N_1K_100K,6032,2,466
440,CQ29K,100K -1M,N_100K_1M,6033,3,466
441,CQ29K,1M - 100M,N_1M_100M,6034,4,466
442,CQ29K,> 100M,N_100M,6035,5,466
443,CQ29K,Unknown,UNKNOWN,6036,6,466
444,CQ29K,,N_A,6037,7,466
445,CQ29I, Free Text,N_1_FREE_TEXT,6047,1,467
446,CQ30,1-10,N_1_10,6057,1,468
447,CQ30,11-25,N_11_25,6058,2,468
448,CQ30,26-50,N_26_50,6059,3,468
449,CQ30,51-200,N_51_200,6060,4,468
450,CQ30, 201+,N_201,6061,5,468
451,CQ31, Free text,N_1_FREE_TEXT,6071,1,469
452,CQ31A, Free text,N_1_FREE_TEXT,6081,1,470
453,CQ31A, Free text,N_1_FREE_TEXT,6082,2,470
454,CQ31C, Yes,N_1_YE,6092,1,471
455,CQ31C, No,N_2_NO,6093,2,471
456,CQ31C, Unknown,N_3_UNKNOWN,6094,3,471
457,CQ31D, Yes,N_1_YE,6104,1,472
458,CQ31D, No,N_2_NO,6105,2,472
459,CQ31D, Unknown,N_3_UNKNOWN,6106,3,472
460,CQ31E, Yes,N_1_YE,6116,1,473
461,CQ31E, No,N_2_NO,6117,2,473
462,CQ31E, Unknown,N_3_UNKNOWN,6118,3,473
463,CQ31F, Yes,N_1_YE,6128,1,474
464,CQ31F, No,N_2_NO,6129,2,474
465,CQ31F, Unknown,N_3_UNKNOWN,6130,3,474
466,CQ31G, Transmit,N_1_TRANSMIT,6140,1,475
467,CQ31G, Receive,N_2_RECEIV,6141,2,475
468,CQ31G, Both,N_3_BOTH,6142,3,475
469,CQ32, Free Text,N_1_FREE_TEXT,6152,1,476
470,CQ32A, Free Text,N_1_FREE_TEXT,6162,1,477
471,CQ32B, Free Text,N_1_FREE_TEXT,6172,1,478
472,CQ32C, Private/Commercial,N_1_PRIVATE_COM,6182,1,479
473,CQ32C, NGO,N_2_NGO,6183,2,479
474,CQ32C, FFRDC,N_3_FFRDC,6184,3,479
475,CQ32C, SLTT,N_4_SLTT,6185,4,479
476,CQ32C, Other,N_5_OTHER,6186,5,479
477,CQ32D, Yes,N_1_YE,6196,1,480
478,CQ32D, No,N_2_NO,6197,2,480
479,CQ32D, Unknown,N_3_UNKNOWN,6198,3,480
480,CQ32E, Yes,N_1_YE,6208,1,481
481,CQ32E, No,N_2_NO,6209,2,481
482,CQ32E, Unknown,N_3_UNKNOWN,6210,3,481
483,CQ32F, Yes,N_1_YE,6220,1,482
484,CQ32F, No,N_2_NO,6221,2,482
485,CQ32F, Unknown,N_3_UNKNOWN,6222,3,482
486,CQ32G, Transmit,N_1_TRANSMIT,6232,1,483
487,CQ32G, Receive,N_2_RECEIV,6233,2,483
488,CQ32G, Both,N_3_BOTH,6234,3,483
